franchiseAbbrv,teamAbbrv,espnAbbrv,league,division,city,teamName,alternateName,startDate,endDate,locationCity,locationState,colorA,colorB,colorC,colorD,colorE
ANA,LAA,,AL,,Los Angeles,Angels,,4/11/1961,9/1/1965,Los Angeles,CA,#BA0021,#003263,#C4CED4,,
ANA,CAL,,AL,,California,Angels,,9/2/1965,9/29/1968,Anaheim,CA,#BA0021,#003263,#C4CED4,,
ANA,CAL,,AL,W,California,Angels,,4/8/1969,9/29/1996,Anaheim,CA,#BA0021,#003263,#C4CED4,,
ANA,ANA,,AL,W,Anaheim,Angels,,4/2/1997,12/31/2001,Anaheim,CA,#003263,#6699CC,#C4CED4,,
ANA,ANA,,AL,W,Anaheim,Angels,,1/1/2002,10/3/2004,Anaheim,CA,#BA0021,#003263,#C4CED4,,
ANA,ANA,LAA,AL,W,Los Angeles,Angels,,4/5/2005,,Anaheim,CA,#BA0021,#003263,#C4CED4,,
ARI,ARI,,NL,W,Arizona,Diamondbacks,,3/31/1998,12/31/2006,Phoenix,AZ,#4C2882,#00A6A0,#B87333,#000000,
ARI,ARI,ARI,NL,W,Arizona,Diamondbacks,,1/1/2007,,Phoenix,AZ,#A71930,#000000,#E3D4AD,,
ATL,BS1,,NA,,Boston,Red Stockings,,5/5/1871,10/30/1875,Boston,MA,#C8102E,#FFFFFF,,,
ATL,BSN,,NL,,Boston,Red Caps,,4/22/1876,10/2/1882,Boston,MA,#C8102E,#FFFFFF,,,
ATL,BSN,,NL,,Boston,Beaneaters,,5/1/1883,10/5/1906,Boston,MA,#C8102E,#FFFFFF,,,
ATL,BSN,,NL,,Boston,Doves,,4/15/1907,10/12/1910,Boston,MA,#C8102E,#FFFFFF,,,
ATL,BSN,,NL,,Boston,Rustlers,Heps,4/12/1911,10/9/1911,Boston,MA,#C8102E,#FFFFFF,,,
ATL,BSN,,NL,,Boston,Braves,,4/11/1912,9/29/1935,Boston,MA,#C8102E,#0C2340,#FFFFFF,,
ATL,BSN,,NL,,Boston,Bees,,4/14/1936,9/29/1940,Boston,MA,#002D72,#FFC72C,#FFFFFF,,
ATL,BSN,,NL,,Boston,Braves,,4/15/1941,9/28/1952,Boston,MA,#0C2340,#C8102E,#FFFFFF,,
ATL,MLN,,NL,,Milwaukee,Braves,,4/13/1953,10/3/1965,Milwaukee,WI,#13274F,#CE1141,#FFFFFF,,
ATL,ATL,,NL,,Atlanta,Braves,,4/12/1966,9/29/1968,Atlanta,GA,#13274F,#CE1141,#FFFFFF,,
ATL,ATL,,NL,W,Atlanta,Braves,,4/7/1969,12/31/1971,Atlanta,GA,#13274F,#CE1141,#FFFFFF,,
ATL,ATL,,NL,W,Atlanta,Braves,,1/1/1972,12/31/1986,Atlanta,GA,#0033A0,#CE1141,#FFFFFF,,
ATL,ATL,,NL,W,Atlanta,Braves,,1/1/1987,10/3/1993,Atlanta,GA,#13274F,#CE1141,#FFFFFF,,
ATL,ATL,ATL,NL,E,Atlanta,Braves,,4/4/1994,,Atlanta,GA,#13274F,#CE1141,#FFFFFF,,
BAL,MLA,,AL,,Milwaukee,Brewers,,4/25/1901,9/28/1901,Milwaukee,WI,#002244,#FFFFFF,,,
BAL,SLA,,AL,,St. Louis,Browns,,4/23/1902,9/27/1953,St. Louis,MO,#4E3629,#DF4601,#FFFFFF,,
BAL,BAL,,AL,,Baltimore,Orioles,,4/13/1954,9/27/1968,Baltimore,MD,#DF4601,#000000,#FFFFFF,,
BAL,BAL,BAL,AL,E,Baltimore,Orioles,,4/8/1969,,Baltimore,MD,#DF4601,#000000,#FFFFFF,,
BOS,BOS,,AL,,Boston,Americans,Somersets,4/26/1901,10/5/1907,Boston,MA,#0C2340,#BD3039,#FFFFFF,,
BOS,BOS,,AL,,Boston,Red Sox,,4/14/1908,9/29/1968,Boston,MA,#BD3039,#0C2340,#FFFFFF,,
BOS,BOS,BOS,AL,E,Boston,Red Sox,,4/8/1969,,Boston,MA,#BD3039,#0C2340,#FFFFFF,,
CHA,CHA,,AL,,Chicago,White Sox,,4/24/1901,9/29/1968,Chicago,IL,#0C2340,#FFFFFF,,,
CHA,CHA,,AL,W,Chicago,White Sox,,4/8/1969,12/31/1970,Chicago,IL,#0C2340,#FFFFFF,,,
CHA,CHA,,AL,W,Chicago,White Sox,,1/1/1971,12/31/1975,Chicago,IL,#C8102E,#002244,#FFFFFF,,
CHA,CHA,,AL,W,Chicago,White Sox,,1/1/1976,12/31/1981,Chicago,IL,#0C2340,#FFFFFF,,,
CHA,CHA,,AL,W,Chicago,White Sox,,1/1/1982,12/31/1990,Chicago,IL,#C8102E,#002244,#FFFFFF,,
CHA,CHA,,AL,W,Chicago,White Sox,,1/1/1991,10/3/1993,Chicago,IL,#27251F,#C4CED4,#FFFFFF,,
CHA,CHA,CHW,AL,C,Chicago,White Sox,,4/4/1994,,Chicago,IL,#27251F,#C4CED4,#FFFFFF,,
CHN,CH1,,NA,,Chicago,White Stockings,,5/8/1871,10/30/1871,Chicago,IL,#002244,#FFFFFF,,,
CHN,CH2,,NA,,Chicago,White Stockings,,5/13/1874,10/27/1875,Chicago,IL,#002244,#FFFFFF,,,
CHN,CHN,,NL,,Chicago,White Stockings,,4/25/1876,10/5/1889,Chicago,IL,#002244,#FFFFFF,,,
CHN,CHN,,NL,,Chicago,Colts,,4/19/1890,10/3/1897,Chicago,IL,#002244,#FFFFFF,,,
CHN,CHN,,NL,,Chicago,Orphans,,4/15/1898,10/5/1902,Chicago,IL,#002244,#FFFFFF,,,
CHN,CHN,,NL,,Chicago,Cubs,,4/16/1903,9/29/1968,Chicago,IL,#0E3386,#CC3433,#FFFFFF,,
CHN,CHN,,NL,E,Chicago,Cubs,,4/8/1969,10/3/1993,Chicago,IL,#0E3386,#CC3433,#FFFFFF,,
CHN,CHN,CHC,NL,C,Chicago,Cubs,,4/4/1994,,Chicago,IL,#0E3386,#CC3433,#FFFFFF,,
CIN,CN2,,AA,,Cincinnati,Red Stockings,,5/2/1882,10/15/1889,Cincinnati,OH,#C6011F,#FFFFFF,,,
CIN,CIN,,NL,,Cincinnati,Reds,,4/19/1890,9/27/1953,Cincinnati,OH,#C6011F,#FFFFFF,,,
CIN,CIN,,NL,,Cincinnati,Redlegs,,4/13/1954,6/27/1959,Cincinnati,OH,#C6011F,#FFFFFF,,,
CIN,CIN,,NL,,Cincinnati,Reds,,4/12/1960,9/29/1968,Cincinnati,OH,#C6011F,#FFFFFF,,,
CIN,CIN,,NL,W,Cincinnati,Reds,,4/7/1969,10/3/1993,Cincinnati,OH,#C6011F,#FFFFFF,,,
CIN,CIN,,NL,C,Cincinnati,Reds,,4/3/1994,12/31/1998,Cincinnati,OH,#C6011F,#FFFFFF,,,
CIN,CIN,CIN,NL,C,Cincinnati,Reds,,1/1/1999,,Cincinnati,OH,#C6011F,#000000,#FFFFFF,,
CLE,CLE,,AL,,Cleveland,Blues,,4/24/1901,9/28/1901,Cleveland,OH,#002244,#FFFFFF,,,
CLE,CLE,,AL,,Cleveland,Broncos,,4/23/1902,9/27/1902,Cleveland,OH,#002244,#FFFFFF,,,
CLE,CLE,,AL,,Cleveland,Naps,,4/22/1903,10/4/1914,Cleveland,OH,#002244,#FFFFFF,,,
CLE,CLE,,AL,,Cleveland,Indians,,4/14/1915,9/27/1968,Cleveland,OH,#0C2340,#E31937,#FFFFFF,,
CLE,CLE,,AL,E,Cleveland,Indians,,4/8/1969,12/31/1972,Cleveland,OH,#0C2340,#E31937,#FFFFFF,,
CLE,CLE,,AL,E,Cleveland,Indians,,1/1/1973,12/31/1977,Cleveland,OH,#E31937,#0C2340,#FFFFFF,,
CLE,CLE,,AL,E,Cleveland,Indians,,1/1/1978,10/3/1993,Cleveland,OH,#0C2340,#E31937,#FFFFFF,,
CLE,CLE,,AL,C,Cleveland,Indians,,4/4/1994,10/3/2021,Cleveland,OH,#0C2340,#E31937,#FFFFFF,,
CLE,CLE,CLE,AL,C,Cleveland,Guardians,,4/7/2022,,Cleveland,OH,#00385D,#E50022,#FFFFFF,,
COL,COL,COL,NL,W,Colorado,Rockies,,4/5/1993,,Denver,CO,#33006F,#C4CED4,#000000,#FFFFFF,
DET,DET,,AL,,Detroit,Tigers,,4/25/1901,9/29/1968,Detroit,MI,#0C2340,#FFFFFF,,,
DET,DET,,AL,E,Detroit,Tigers,,4/8/1969,12/31/1993,Detroit,MI,#0C2340,#FFFFFF,,,
DET,DET,,AL,E,Detroit,Tigers,,1/1/1994,9/28/1997,Detroit,MI,#0C2340,#FA4616,#FFFFFF,,
DET,DET,DET,AL,C,Detroit,Tigers,,3/31/1998,,Detroit,MI,#0C2340,#FA4616,#FFFFFF,,
HOU,HOU,,NL,,Houston,Colt .45's,,4/10/1962,10/4/1964,Houston,TX,#002244,#DF4601,#FFFFFF,,
HOU,HOU,,NL,,Houston,Astros,,4/12/1965,9/29/1968,Houston,TX,#002244,#DF4601,#FFFFFF,,
HOU,HOU,,NL,W,Houston,Astros,,4/8/1969,12/31/1974,Houston,TX,#002244,#DF4601,#FFFFFF,,
HOU,HOU,,NL,W,Houston,Astros,,1/1/1975,10/3/1993,Houston,TX,#EB6E1F,#FFB612,#C8102E,#002244,
HOU,HOU,,NL,C,Houston,Astros,,4/4/1994,12/31/1999,Houston,TX,#002244,#B3995D,#FFFFFF,,
HOU,HOU,,NL,C,Houston,Astros,,1/1/2000,10/3/2012,Houston,TX,#B71234,#D6C299,#000000,,
HOU,HOU,HOU,AL,W,Houston,Astros,,3/31/2013,,Houston,TX,#002D62,#EB6E1F,#FFFFFF,,
KCA,KCA,,AL,W,Kansas City,Royals,,4/8/1969,10/3/1993,Kansas City,MO,#004687,#BD9B60,#FFFFFF,,
KCA,KCA,KC,AL,C,Kansas City,Royals,,4/4/1994,,Kansas City,MO,#004687,#BD9B60,#FFFFFF,,
LAN,BR3,,AA,,Brooklyn,Atlantics,Trolley Dodgers,5/1/1884,10/15/1884,Brooklyn,NY,#002244,#FFFFFF,,,
LAN,BR3,,AA,,Brooklyn,Grays,Trolley Dodgers,4/20/1885,10/10/1887,Brooklyn,NY,#002244,#FFFFFF,,,
LAN,BR4,,AA,,Brooklyn,Bridegrooms,,4/8/1888,10/14/1889,Brooklyn,NY,#002244,#FFFFFF,,,
LAN,BRO,,NL,,Brooklyn,Bridegrooms,Grooms,4/19/1890,10/15/1898,Brooklyn,NY,#002244,#FFFFFF,,,
LAN,BRO,,NL,,Brooklyn,Superbas,,4/15/1899,10/12/1910,Brooklyn,NY,#002244,#FFFFFF,,,
LAN,BRO,,NL,,Brooklyn,Dodgers,Superbas,4/12/1911,10/5/1912,Brooklyn,NY,#002244,#FFFFFF,,,
LAN,BRO,,NL,,Brooklyn,Superbas,,4/9/1913,10/3/1913,Brooklyn,NY,#002244,#FFFFFF,,,
LAN,BRO,,NL,,Brooklyn,Robins,,4/14/1914,9/27/1931,Brooklyn,NY,#002244,#FFFFFF,,,
LAN,BRO,,NL,,Brooklyn,Dodgers,,4/12/1932,9/29/1957,Brooklyn,NY,#005A9C,#EF3E42,#FFFFFF,,
LAN,LAN,,NL,,Los Angeles,Dodgers,,4/15/1958,9/29/1968,Los Angeles,CA,#005A9C,#EF3E42,#FFFFFF,,
LAN,LAN,LAD,NL,W,Los Angeles,Dodgers,,4/7/1969,,Los Angeles,CA,#005A9C,#EF3E42,#FFFFFF,,
MIA,FLO,,NL,E,Florida,Marlins,,4/5/1993,9/28/2011,Miami,FL,#00A3AD,#000000,#C4CED4,,
MIA,MIA,,NL,E,Miami,Marlins,,4/4/2012,12/31/2018,Miami,FL,#000000,#FF6600,#00A3E0,#FFD100,#FFFFFF
MIA,MIA,MIA,NL,E,Miami,Marlins,,1/1/2019,,Miami,FL,#000000,#00A3E0,#EF3340,#FFFFFF,
MIL,SE1,,AL,W,Seattle,Pilots,,4/8/1969,10/2/1969,Seattle,WA,#0033A0,#FFB612,#FFFFFF,,
MIL,MIL,,AL,W,Milwaukee,Brewers,,4/7/1970,9/30/1971,Milwaukee,WI,#0033A0,#FFC52F,#FFFFFF,,
MIL,MIL,,AL,E,Milwaukee,Brewers,,4/15/1972,10/3/1993,Milwaukee,WI,#0033A0,#FFC52F,#FFFFFF,,
MIL,MIL,,AL,C,Milwaukee,Brewers,,4/5/1994,9/28/1997,Milwaukee,WI,#0A2351,#08573F,#B99657,,
MIL,MIL,,NL,C,Milwaukee,Brewers,,3/31/1998,12/31/1999,Milwaukee,WI,#0A2351,#08573F,#B99657,,
MIL,MIL,,NL,C,Milwaukee,Brewers,,1/1/2000,12/31/2019,Milwaukee,WI,#0A2351,#B6922E,#FFFFFF,,
MIL,MIL,MIL,NL,C,Milwaukee,Brewers,,1/1/2020,,Milwaukee,WI,#12284B,#FFC52F,#FFFFFF,,
MIN,WS1,,AL,,Washington,Senators,Nationals,4/26/1901,10/2/1960,Washington,DC,#0C2340,#BA0C2F,#FFFFFF,,
MIN,MIN,,AL,,Minnesota,Twins,,4/11/1961,9/29/1968,Bloomington,MN,#002B5C,#D31145,#FFFFFF,,
MIN,MIN,,AL,W,Minnesota,Twins,,4/8/1969,9/30/1981,Bloomington,MN,#002B5C,#D31145,#FFFFFF,,
MIN,MIN,,AL,W,Minnesota,Twins,,4/6/1982,10/3/1993,Minneapolis,MN,#002B5C,#D31145,#FFFFFF,,
MIN,MIN,MIN,AL,C,Minnesota,Twins,,4/5/1994,,Minneapolis,MN,#002B5C,#D31145,#FFFFFF,,
NYA,BLA,,AL,,Baltimore,Orioles,,4/26/1901,9/29/1902,Baltimore,MD,#000000,#DF4601,#FFFFFF,,
NYA,NYA,,AL,,New York,Highlanders,Hilltoppers;Greater New Yorks,4/22/1903,10/5/1912,New York,NY,#1C2841,#C4CED4,#FFFFFF,,
NYA,NYA,,AL,,New York,Yankees,,4/10/1913,9/29/1968,New York,NY,#1C2841,#C4CED4,#FFFFFF,,
NYA,NYA,NYY,AL,E,New York,Yankees,,4/7/1969,,New York,NY,#1C2841,#C4CED4,#FFFFFF,,
NYN,NYN,,NL,,New York,Mets,,4/11/1962,9/29/1968,New York,NY,#002D72,#FF5910,#FFFFFF,,
NYN,NYN,NYM,NL,E,New York,Mets,,4/8/1969,,New York,NY,#002D72,#FF5910,#FFFFFF,,
OAK,PHA,,AL,,Philadelphia,Athletics,A's,4/26/1901,9/26/1954,Philadelphia,PA,#002244,#FFFFFF,,,
OAK,KC1,,AL,,Kansas City,Athletics,A's,4/12/1955,12/31/1962,Kansas City,MO,#002244,#C8102E,#FFFFFF,,
OAK,KC1,,AL,,Kansas City,Athletics,A's,1/1/1963,4/11/1967,Kansas City,MO,#003831,#EFB21E,#FFFFFF,,
OAK,OAK,,AL,,Oakland,Athletics,A's,4/10/1968,9/29/1968,Oakland,CA,#003831,#EFB21E,#FFFFFF,,
OAK,OAK,,AL,W,Oakland,Athletics,A's,4/8/1969,9/29/2024,Oakland,CA,#003831,#EFB21E,#FFFFFF,,
OAK,ATH,ATH,AL,W,Sacramento,Athletics,A's,3/27/2025,,Sacramento,CA,#003831,#EFB21E,#FFFFFF,,
PHI,PHI,,NL,,Philadelphia,Quakers,,5/1/1883,10/5/1889,Philadelphia,PA,#002244,#FFFFFF,,,
PHI,PHI,,NL,,Philadelphia,Phillies,,4/19/1890,9/27/1942,Philadelphia,PA,#E81828,#FFFFFF,,,
PHI,PHI,,NL,,Philadelphia,Blue Jays,,4/24/1943,10/1/1944,Philadelphia,PA,#0033A0,#FFFFFF,,,
PHI,PHI,,NL,,Philadelphia,Phillies,,4/17/1945,9/29/1968,Philadelphia,PA,#E81828,#FFFFFF,,,
PHI,PHI,,NL,E,Philadelphia,Phillies,,4/8/1969,12/31/1969,Philadelphia,PA,#E81828,#FFFFFF,,,
PHI,PHI,,NL,E,Philadelphia,Phillies,,1/1/1970,12/31/1991,Philadelphia,PA,#6F263D,#6BACE4,#FFFFFF,,
PHI,PHI,PHI,NL,E,Philadelphia,Phillies,,1/1/1992,,Philadelphia,PA,#E81828,#002D72,#FFFFFF,,
PIT,PT1,,AA,,Allegheny Club,(none),,5/2/1882,10/15/1884,Pittsburg,PA,#002244,#FFFFFF,,,
PIT,PT1,,AA,,Pittsburgh,Alleghenys,,4/18/1885,10/12/1886,Pittsburg,PA,#002244,#FFFFFF,,,
PIT,PIT,,NL,,Pittsburgh,Alleghenys,Innocents (1890),4/30/1887,10/3/1890,Pittsburg,PA,#002244,#FFFFFF,,,
PIT,PIT,,NL,,Pittsburgh,Pirates,,4/22/1891,12/31/1947,Pittsburgh,PA,#002244,#C8102E,#FFFFFF,,
PIT,PIT,,NL,,Pittsburgh,Pirates,,1/1/1948,9/29/1968,Pittsburgh,PA,#27251F,#FDB827,#FFFFFF,,
PIT,PIT,,NL,E,Pittsburgh,Pirates,,4/8/1969,10/3/1993,Pittsburgh,PA,#27251F,#FDB827,#FFFFFF,,
PIT,PIT,PIT,NL,C,Pittsburgh,Pirates,,4/4/1994,,Pittsburgh,PA,#27251F,#FDB827,#FFFFFF,,
SDN,SDN,,NL,W,San Diego,Padres,,4/8/1969,12/31/1984,San Diego,CA,#4E3629,#FFC425,#FFFFFF,,
SDN,SDN,,NL,W,San Diego,Padres,,1/1/1985,12/31/1990,San Diego,CA,#4E3629,#FF5910,#FFFFFF,,
SDN,SDN,,NL,W,San Diego,Padres,,1/1/1991,12/31/2003,San Diego,CA,#002D62,#FF5910,#FFFFFF,,
SDN,SDN,,NL,W,San Diego,Padres,,1/1/2004,12/31/2019,San Diego,CA,#002D62,#B4A76C,#FFFFFF,,
SDN,SDN,SD,NL,W,San Diego,Padres,,1/1/2020,,San Diego,CA,#2F241D,#FFC425,#FFFFFF,,
SEA,SEA,,AL,W,Seattle,Mariners,,4/6/1977,12/31/1992,Seattle,WA,#0033A0,#FFB612,#FFFFFF,,
SEA,SEA,SEA,AL,W,Seattle,Mariners,,1/1/1993,,Seattle,WA,#0C2C56,#005C5C,#C4CED4,#FFFFFF,
SFN,NY1,,NL,,New York,Gothams,,5/1/1883,10/14/1884,New York,NY,#002244,#FFFFFF,,,
SFN,NY1,,NL,,New York,Giants,,5/2/1885,9/29/1957,New York,NY,#27251F,#FD5A1E,#FFFFFF,,
SFN,SFN,,NL,,San Francisco,Giants,,4/15/1958,9/29/1968,San Francisco,CA,#FD5A1E,#27251F,#EFD19F,,
SFN,SFN,SF,NL,W,San Francisco,Giants,,4/7/1969,,San Francisco,CA,#FD5A1E,#27251F,#EFD19F,,
SLN,SLN,,AA,,St. Louis,Browns,Brown Stockings,5/2/1882,10/4/1891,St. Louis,MO,#4E3629,#FFFFFF,,,
SLN,SLN,,NL,,St. Louis,Browns,,10/15/1892,10/9/1898,St. Louis,MO,#4E3629,#FFFFFF,,,
SLN,SLN,,NL,,St. Louis,Perfectos,,4/15/1899,10/15/1899,St. Louis,MO,#C41E3A,#FFFFFF,,,
SLN,SLN,,NL,,St. Louis,Cardinals,,4/19/1900,9/29/1968,St. Louis,MO,#C41E3A,#0C2340,#FFFFFF,#FEDB00,
SLN,SLN,,NL,E,St. Louis,Cardinals,,4/8/1969,10/3/1993,St. Louis,MO,#C41E3A,#0C2340,#FFFFFF,#FEDB00,
SLN,SLN,STL,NL,C,St. Louis,Cardinals,,4/3/1994,,St. Louis,MO,#C41E3A,#0C2340,#FFFFFF,#FEDB00,
TBA,TBA,,AL,E,Tampa Bay,Devil Rays,,3/31/1998,9/30/2007,St. Petersburg,FL,#000000,#00543D,#512D6D,,
TBA,TBA,TB,AL,E,Tampa Bay,Rays,,3/31/2008,,St. Petersburg,FL,#092C5C,#8FBCE6,#F5D130,#FFFFFF,
TEX,WS2,,AL,,Washington,Senators,,4/10/1961,9/29/1968,Washington,DC,#0C2340,#BA0C2F,#FFFFFF,,
TEX,WS2,,AL,E,Washington,Senators,,4/7/1969,9/30/1971,Washington,DC,#0C2340,#BA0C2F,#FFFFFF,,
TEX,TEX,TEX,AL,W,Texas,Rangers,,4/15/1972,,Arlington,TX,#003278,#C0111F,#FFFFFF,,
TOR,TOR,,AL,E,Toronto,Blue Jays,,4/7/1977,12/31/2003,Toronto,ON,#0046AD,#E8291C,#FFFFFF,,
TOR,TOR,,AL,E,Toronto,Blue Jays,,1/1/2004,12/31/2011,Toronto,ON,#000000,#A2AAAD,#0046AD,,
TOR,TOR,TOR,AL,E,Toronto,Blue Jays,,1/1/2012,,Toronto,ON,#134A8E,#1D2D5C,#E8291C,#FFFFFF,
WAS,MON,,NL,E,Montreal,Expos,,4/8/1969,10/3/2004,Montreal,QC,#003087,#E4002B,#FFFFFF,,
WAS,WAS,WSH,NL,E,Washington,Nationals,,4/4/2005,,Washington,DC,#AB0003,#14225A,#FFFFFF,,
