franchiseAbbrv,teamAbbrv,league,conference,division,city,teamName,alternateName,startSeason,endSeason,locationCity,locationState,colorA,colorB,colorC,colorD,colorE
RII,RII,Independent,,,Rock Island ,Independents,,1907,1919,Rock Island,IL,#046A38,#FFFFFF,,,
RII,RII,National Football League,,,Rock Island ,Independents,,1920,1925,Rock Island,IL,#046A38,#FFFFFF,,,
RII,RII,American Football League,,,Rock Island ,Independents,,1926,1926,Rock Island,IL,#046A38,#FFFFFF,,,
STP,STP,Independent,,,St Paul,Ideals,,1920,1920,St Paul,MN,,,,,
AKR,AKR,Ohio League,,,Akron,Indians,,1908,1916,Akron,OH,#0033A0,#FFFFFF,,,
AKR,AKR,Ohio League,,,Akron,Burkhardts,,1916,1917,Akron,OH,#0033A0,#FFFFFF,,,
AKR,AKR,Ohio League,,,Akron,Indians,,1918,1919,Akron,OH,#0033A0,#FFFFFF,,,
AKR,AKR,National Football League,,,Akron,Pros,,1920,1925,Akron,OH,#0033A0,#FFFFFF,,,
AKR,AKR,National Football League,,,Akron,Indians,,1926,1926,Akron,OH,#0033A0,#FFFFFF,,,
WHE,WHE,Independent,,,Wheeling,Stogies,,1920,1920,Wheeling,WV,,,,,
RCH,RCH,New York Pro Football League,,,Rochester,Jeffersons,,1898,1919,Rochester,NY,#C8102E,#FFFFFF,,,
RCH,RCH,National Football League,,,Rochester,Jeffersons,,1920,1925,Rochester,NY,#C8102E,#FFFFFF,,,
ABU,ABU,Independent,,,,All-Buffalo,,1920,1920,,NY,,,,,
DAY,DAY,Ohio League,,,St Marys,Cadets,,1913,1914,Dayton,OH,#002244,#FFFFFF,,,
DAY,DAY,Ohio League,,,Dayton,Gym-Cadets,,1915,1915,Dayton,OH,#002244,#FFFFFF,,,
DAY,DAY,Ohio League,,,Dayton,Triangles,,1916,1919,Dayton,OH,#002244,#FFFFFF,,,
DAY,DAY,National Football League,,,Dayton,Triangles,,1920,1929,Dayton,OH,#002244,#FFFFFF,,,
COL,COL,Independent,,,Columbus,railroad team,,1901,1901,Columbus,OH,#5A1414,#FFB612,#FFFFFF,,
COL,COL,Independent,,,Columbus,Panhandles,,1902,1903,Columbus,OH,#5A1414,#FFB612,#FFFFFF,,
COL,COL,Independent,,,Columbus,Panhandles,,1904,1919,Columbus,OH,#5A1414,#FFB612,#FFFFFF,,
COL,COL,National Football League,,,Columbus,Panhandles,,1920,1922,Columbus,OH,#5A1414,#FFB612,#FFFFFF,,
COL,COL,National Football League,,,Columbus,Tigers,,1923,1926,Columbus,OH,#000000,#FFB612,#FFFFFF,,
MUN,MUN,Independent,,,,Congerville Athletic Club,,1905,1916,Muncie,IN,#C8102E,#FFFFFF,,,
MUN,MUN,Independent,,,,Congerville Thirds,,1916,1916,Muncie,IN,#C8102E,#FFFFFF,,,
MUN,MUN,Independent,,,,Congerville Flyers,,1916,1919,Muncie,IN,#C8102E,#FFFFFF,,,
MUN,MUN,National Football League,,,Muncie,Flyers,,1920,1921,Muncie,IN,#C8102E,#FFFFFF,,,
MUN,MUN,Independent,,,,Congerville Flyers,,1922,1924,Muncie,IN,#C8102E,#FFFFFF,,,
MUN,MUN,Independent,,,Jonesboro,Flyers,,1925,1925,Jonesboro,IN,#C8102E,#FFFFFF,,,
CHI,CHI,Independent,,,Decatur,Staleys,,1919,1919,Decatur,IL,#002244,#DC4405,#FFFFFF,,
CHI,CHI,National Football League,,,Decatur,Staleys,,1920,1920,Decatur,IL,#002244,#DC4405,#FFFFFF,,
CHI,CHI,National Football League,,,Chicago,Staleys,,1921,1921,Chicago,IL,#002244,#DC4405,#FFFFFF,,
CHI,CHI,National Football League,,,Chicago,Bears,,1922,2026,Chicago,IL,#0B162A,#C83803,#FFFFFF,,
MUT,MUT,Independent,,,Moline,Universal Tractors,,1920,1920,Moline,IL,,,,,
CBD,CBD,Ohio League,,,Canton,Athletic Club,,1904,1906,Canton,OH,#800000,#FFFFFF,,,
CBD,CBD,Ohio League,,,Canton,Professionals,,1911,1914,Canton,OH,#800000,#FFFFFF,,,
CBD,CBD,Ohio League,,,Canton,Bulldogs,,1915,1919,Canton,OH,#800000,#FFFFFF,,,
CBD,CBD,National Football League,,,Canton,Bulldogs,,1920,1923,Canton,OH,#800000,#FFFFFF,,,
CBD,CBD,National Football League,,,Canton,Bulldogs,,1925,1926,Canton,OH,#800000,#FFFFFF,,,
PTQ,PTQ,Independent,,,Pitcairn,Quakers,,1904,1920,Pitcairn,PA,#C8102E,#FFD100,,,
BFF,BFF,Independent,,,Buffalo,All-Stars,,1915,1917,Buffalo,NY,#000000,#DC4405,#FFFFFF,,
BFF,BFF,Buffalo Semi-Pro Football League,,,Buffalo,Niagaras,,1918,1918,Buffalo,NY,#000000,#DC4405,#FFFFFF,,
BFF,BFF,New York Pro Football League,,,Buffalo,Prospects,,1919,1919,Buffalo,NY,#000000,#DC4405,#FFFFFF,,
BFF,BFF,National Football League,,,Buffalo,All-Americans,,1920,1923,Buffalo,NY,#000000,#DC4405,#FFFFFF,,
BFF,BFF,National Football League,,,Buffalo,Bisons,,1924,1925,Buffalo,NY,#000000,#DC4405,#FFFFFF,,
BFF,BFF,National Football League,,,Buffalo,Rangers,,1926,1926,Buffalo,NY,#000000,#DC4405,#FFFFFF,,
BFF,BFF,National Football League,,,Buffalo,Bisons,,1927,1929,Buffalo,NY,#000000,#DC4405,#FFFFFF,,
WBU,WBU,Independent,,,,West Buffalo,,1920,1920,Buffalo,NY,,,,,
TLM,TLM,Ohio League,,,Toledo,Athletic Association,,1902,1905,Toledo,OH,#800000,#FFFFFF,,,
TLM,TLM,Ohio League,,,Toledo,Maroons,,1906,1921,Toledo,OH,#800000,#FFFFFF,,,
TLM,TOL,National Football League,,,Toledo,Maroons,,1922,1923,Toledo,OH,#800000,#FFFFFF,,,
DHR,DHR,Independent,,,Detroit,Heralds,,1905,1910,Detroit,MI,#C8102E,#FFFFFF,,,
DHR,DHR,Ohio League,,,Detroit,Heralds,,1911,1919,Detroit,MI,#C8102E,#FFFFFF,,,
DHR,DHR,National Football League,,,Detroit,Heralds,,1920,1920,Detroit,MI,#C8102E,#FFFFFF,,,
DHR,DTI,National Football League,,,Detroit,Tigers,,1921,1921,Detroit,MI,#DC4405,#000000,#FFFFFF,,
DHR,DPN,National Football League,,,Detroit,Panthers,,1925,1926,Detroit,MI,#0033A0,#FFB612,#FFFFFF,,
DHR,DWL,National Football League,,,Detroit,Wolverines,,1928,1928,Detroit,MI,#0033A0,#FFFFFF,,,
ARI,ARI,Independent,,,Chicago,Morgan Athletic Club,,1898,1899,Chicago,IL,#97233F,#FFFFFF,,,
ARI,ARI,Independent,,,Chicago,Normals,,1900,1900,Chicago,IL,#97233F,#FFFFFF,,,
ARI,ARI,Independent,,,Chicago,Racine Cardinals,,1901,1919,Chicago,IL,#97233F,#FFFFFF,,,
ARI,ARI,National Football League,,,Chicago,Racine Cardinals,,1920,1921,Chicago,IL,#97233F,#FFFFFF,,,
ARI,ARI,National Football League,,,Chicago,Cardinals,,1922,1943,Chicago,IL,#97233F,#FFFFFF,,,
ARI,ARI,National Football League,,,Chicago,Cardinals,,1945,1959,Chicago,IL,#97233F,#FFFFFF,,,
ARI,ARI,National Football League,,,St. Louis,Cardinals,,1960,1987,St. Louis,MO,#97233F,#FFFFFF,,,
ARI,ARI,National Football League,,,Phoenix,Cardinals,,1988,1993,Phoenix,AZ,#97233F,#FFFFFF,,,
ARI,ARI,National Football League,,,Arizona,Cardinals,,1994,2004,Glendale,AZ,#97233F,#FFFFFF,,,
ARI,ARI,National Football League,,,Arizona,Cardinals,,2005,2026,Glendale,AZ,#97233F,#FFFFFF,#000000,#FFB612,
FYJ,FYJ,Independent,,,Frankford,Yellow Jackets,,1913,1923,Philadelphia,PA,#0033A0,#FFB612,,,
FYJ,FYJ,National Football League,,,Frankford,Yellow Jackets,,1924,1931,Philadelphia,PA,#0033A0,#FFB612,,,
SIS,SIS,Independent,,,Staten Island,Stapletons,Stapes,1915,1928,New York,NY,,,,,
SIS,SIS,National Football League,,,Staten Island,Stapletons,Stapes,1929,1932,New York,NY,,,,,
CTI,CTI,Ohio League,,,Cleveland,Tigers,,1916,1919,Cleveland,OH,,,,,
CTI,CTI,National Football League,,,Cleveland,Tigers,,1920,1920,Cleveland,OH,,,,,
CTI,CTI,National Football League,,,Cleveland,Indians,,1921,1921,Cleveland,OH,,,,,
PRV,PRV,Independent,,,Providence,Steam Roller,,1916,1924,Providence,RI,,,,,
PRV,PRV,National Football League,,,Providence,Steam Roller,,1925,1931,Providence,RI,,,,,
CHT,CHT,Independent,,,Chicago,Tigers,,1919,1919,Chicago,IL,,,,,
CHT,CHT,National Football League,,,Chicago,Tigers,,1920,1920,Chicago,IL,,,,,
GB,GB,Independent,,,Green Bay,Packers,,1919,1920,Green Bay,WI,#002244,#FFB612,,,
GB,GB,National Football League,,,Green Bay,Packers,,1921,1949,Green Bay,WI,#002244,#FFB612,,,
GB,GB,National Football League,,,Green Bay,Packers,,1950,1958,Green Bay,WI,#175E33,#FFB612,,,
GB,GB,National Football League,,,Green Bay,Packers,,1959,2026,Green Bay,WI,#203731,#FFB612,#FFFFFF,,
HAM,HAM,Independent,,,Hammond,All-Stars,,1919,1919,Hammond,IN,,,,,
HAM,HAM,National Football League,,,Hammond,Pros,,1920,1926,Hammond,IN,,,,,
ATN,ATN,Independent,,,Tonawanda,All-Tonawanda,,1920,1920,Tonawanda,NY,,,,,
CHB,CHB,Independent,,,Chicago,Boosters,,1920,1920,Chicago,IL,,,,,
CHL,CHL,Independent,,,Champaign,Legion,American Legion team,1920,1920,Champaign,IL,,,,,
CLP,CLP,Independent,,,Cleveland,Panthers,,1920,1920,Cleveland,OH,,,,,
CNC,CNC,Independent,,,Cincinnati,Celts,,1920,1920,Cincinnati,OH,,,,,
CST,CST,Independent,,,Chicago,Stayms,,1920,1920,Chicago,IL,,,,,
CWP,CWP,Independent,,,Columbus,Wagner Pirates,,1920,1920,Columbus,OH,,,,,
DTM,DTM,Independent,,,Detroit,Maroons,,1920,1920,Detroit,MI,,,,,
ELY,ELY,Independent,,,Elyria,Athletics,,1920,1920,Elyria,OH,,,,,
FTP,FTP,Independent,,,Buffalo,Fort Porter,US Army post team,1920,1920,Buffalo,NY,,,,,
FTW,FTW,Independent,,,Fort Wayne,Friars,,1920,1920,Fort Wayne,IN,,,,,
GAR,GAR,Independent,,,Gary,Elks,,1920,1920,Gary,IN,,,,,
KEW,KEW,Independent,,,Kewanee,Walworths,,1920,1920,Kewanee,IL,,,,,
LAN,LAN,Independent,,,Lansing,Oldsmobiles,,1920,1920,Lansing,MI,,,,,
LOG,LOG,Independent,,,Chicago,Logan Squares,Logan Square A.C.,1920,1920,Chicago,IL,,,,,
MCK,MCK,Independent,,,McKeesport,Olympics,,1920,1920,McKeesport,PA,,,,,
MNM,MNM,Independent,,,Minneapolis,Marines,,1920,1920,Minneapolis,MN,#C8102E,#FFFFFF,,,
PTB,PTB,Independent,,,Pottsville,Maroons,,1920,1924,Pottsville,PA,#800000,#FFFFFF,,,
PTB,PTB,National Football League,,,Pottsville,Maroons,,1925,1928,Pottsville,PA,#800000,#FFFFFF,,,
PTB,PTB,National Football League,,,Boston,Bulldogs,,1929,1929,Boston,MA,#800000,#FFFFFF,,,
PUL,PUL,Independent,,,Chicago,Pullman Thorns,Pullman Original Thorns,1920,1920,Chicago,IL,,,,,
RCK,RCK,Independent,,,Rockford,Athletic Club,,1920,1920,Rockford,IL,,,,,
RIC,RIC,Independent,,,Richmond,Athletic Club,,1920,1920,Richmond,VA,,,,,
ROS,ROS,Independent,,,Rochester,Scalpers,,1920,1920,Rochester,NY,,,,,
SYR,SYR,Independent,,,Syracuse,Pros,,1920,1920,Syracuse,NY,,,,,
THO,THO,Independent,,,Chicago,Thorn-Tornadoes,,1920,1920,Chicago,IL,,,,,
UAP,UAP,Independent,,,Phoenixville,Union AA,Union Quakers of Phoenixville,1920,1920,Phoenixville,PA,,,,,
UTI,UTI,Independent,,,Utica,Kaysees,Utica Knights of Columbus,1920,1920,Utica,NY,,,,,
WGC,WGC,Independent,,,New Haven,Washington Glee Club,,1920,1920,New Haven,CT,,,,,
WJA,WJA,Independent,,,Wheeling,Washington & Jefferson All-Stars,Pittsburgh All-Collegians,1920,1920,Wheeling,WV,,,,,
ZAN,ZAN,Independent,,,Zanesville,Mark Grays,,1920,1920,Zanesville,OH,,,,,
CCL,CCL,National Football League,,,Cincinnati,Celts,,1921,1921,Cincinnati,OH,,,,,
ECG,ECG,National Football League,,,Evansville,Crimson Giants,,1921,1922,Evansville,IN,#A6192E,#FFFFFF,,,
LOU,LOU,National Football League,,,Louisville,Brecks,,1921,1923,Louisville,KY,,,,,
LOU,LOU,National Football League,,,Louisville,Colonels,road team,1926,1926,Louisville,KY,,,,,
MNN,MNN,National Football League,,,Minneapolis,Marines,,1921,1924,Minneapolis,MN,#C8102E,#FFFFFF,,,
MNN,MNN,National Football League,,,Minneapolis,Red Jackets,,1929,1930,Minneapolis,MN,#C8102E,#FFFFFF,,,
NG1,NG1,National Football League,,,New York,Brickley Giants,,1921,1921,New York,NY,,,,,
SEN,SEN,National Football League,,,Washington,Senators,,1921,1921,Washington,DC,,,,,
TON,TON,National Football League,,,Tonawanda,Kardex,Lumbermen,1921,1921,Tonawanda,NY,,,,,
MIL,MIL,National Football League,,,Milwaukee,Badgers,,1922,1926,Milwaukee,WI,,,,,
OOR,OOR,National Football League,,,LaRue,Oorang Indians,,1922,1923,LaRue,OH,,,,,
RAC,RAC,National Football League,,,Racine,Legion,,1922,1924,Racine,WI,,,,,
RAC,RAC,National Football League,,,Racine,Tornadoes,,1926,1926,Racine,WI,,,,,
CIB,CIB,National Football League,,,Cleveland,Indians,,1923,1923,Cleveland,OH,,,,,
CIB,CIB,National Football League,,,Cleveland,Bulldogs,,1924,1925,Cleveland,OH,,,,,
CIB,CIB,National Football League,,,Cleveland,Bulldogs,,1927,1927,Cleveland,OH,,,,,
DUL,DUL,National Football League,,,Duluth,Kelleys,,1923,1925,Duluth,MN,,,,,
DUL,DUL,National Football League,,,Duluth,Eskimos,road team,1926,1927,Duluth,MN,,,,,
SLA,SLA,National Football League,,,St. Louis,All-Stars,,1923,1923,St. Louis,MO,,,,,
HRT,HRT,Independent,,,Hartford,Blues,,1924,1925,Hartford,CT,,,,,
HRT,HRT,National Football League,,,Hartford,Blues,,1926,1926,Hartford,CT,,,,,
KCB,KCB,National Football League,,,Kansas City,Blues,,1924,1924,Kansas City,MO,,,,,
KCB,KCB,National Football League,,,Kansas City,Cowboys,road team,1925,1926,Kansas City,MO,,,,,
KEN,KEN,National Football League,,,Kenosha,Maroons,,1924,1924,Kenosha,WI,#800000,,,,
NYG,NYG,National Football League,,,New York,Giants,,1925,1999,East Rutherford,NJ,#0033A0,#A71930,#FFFFFF,,
NYG,NYG,National Football League,,,New York,Giants,,2000,2026,East Rutherford,NJ,#0B2265,#A71930,#FFFFFF,#A5ACAF,
BRL,BRL,National Football League,,,Brooklyn,Lions,merged with Brooklyn Horsemen late 1926,1926,1926,Brooklyn,NY,,,,,
LAB,LAB,National Football League,,,Los Angeles,Buccaneers,road team based in Chicago,1926,1926,Los Angeles,CA,,,,,
NYA,NYA,National Football League,,,New York,Yankees,,1927,1928,New York,NY,,,,,
DET,DET,Independent,,,Portsmouth,Spartans,,1929,1929,Portsmouth,OH,#582C83,#FFB612,,,
DET,DET,National Football League,,,Portsmouth,Spartans,,1930,1933,Portsmouth,OH,#582C83,#FFB612,,,
DET,DET,National Football League,,,Detroit,Lions,,1934,2026,Detroit,MI,#0076B6,#B0B7BC,#FFFFFF,,
TOR,TOR,National Football League,,,Orange,Tornadoes,,1929,1929,Orange,NJ,,,,,
TOR,TOR,National Football League,,,Newark,Tornadoes,,1930,1930,Newark,NJ,,,,,
BKN,BKN,National Football League,,,Brooklyn,Dodgers,,1930,1943,Brooklyn,NY,,,,,
BKN,BKN,National Football League,,,Brooklyn,Tigers,,1944,1944,Brooklyn,NY,,,,,
CLI,CLI,National Football League,,,Cleveland,Indians,,1931,1931,Cleveland,OH,,,,,
GUN,GUN,Independent,,,St. Louis,Gunners,,1931,1933,St. Louis,MO,,,,,
GUN,GUN,National Football League,,,St. Louis,Gunners,replaced Cincinnati Reds mid-1934,1934,1934,St. Louis,MO,,,,,
WSH,WSH,National Football League,,,Boston,Braves,,1932,1932,Boston,MA,#5A1414,#FFB612,,,
WSH,WSH,National Football League,,,Boston,Redskins,,1933,1936,Boston,MA,#5A1414,#FFB612,,,
WSH,WSH,National Football League,,,Washington,Redskins,,1937,2019,Washington,DC,#5A1414,#FFB612,#FFFFFF,,
WSH,WSH,National Football League,,,Washington,Football Team,,2020,2021,Landover,MD,#5A1414,#FFB612,#FFFFFF,,
WSH,WSH,National Football League,,,Washington,Commanders,,2022,2026,Washington,DC,#5A1414,#FFB612,#FFFFFF,#000000,
PHI,PHI,National Football League,,,Philadelphia,Eagles,,1933,1942,Philadelphia,PA,#007A33,#A5ACAF,#FFFFFF,,
PHI,PHI,National Football League,,,Philadelphia,Eagles,,1944,1995,Philadelphia,PA,#007A33,#A5ACAF,#FFFFFF,,
PHI,PHI,National Football League,,,Philadelphia,Eagles,,1996,2026,Philadelphia,PA,#004C54,#A5ACAF,#FFFFFF,#000000,
PIT,PIT,National Football League,,,Pittsburgh,Pirates,,1933,1939,Pittsburgh,PA,#101820,#FFB612,,,
PIT,PIT,National Football League,,,Pittsburgh,Steelers,,1940,1942,Pittsburgh,PA,#101820,#FFB612,,,
PIT,PIT,National Football League,,,Pittsburgh,Steelers,,1945,2026,Pittsburgh,PA,#101820,#FFB612,#FFFFFF,#C60C30,#00539B
RED,RED,National Football League,,,Cincinnati,Reds,,1933,1934,Cincinnati,OH,#C8102E,#FFFFFF,,,
LAR,LAR,American Football League,,,Cleveland,Rams,,1936,1936,Cleveland,OH,#C8102E,#000000,,,
LAR,LAR,National Football League,,,Cleveland,Rams,,1937,1942,Cleveland,OH,#003594,#FFD100,,,
LAR,LAR,National Football League,,,Cleveland,Rams,suspended operations 1943,1944,1945,Cleveland,OH,#003594,#FFD100,,,
LAR,LAR,National Football League,,,Los Angeles,Rams,,1946,1963,Los Angeles,CA,#003594,#FFD100,#FFFFFF,,
LAR,LAR,National Football League,,,Los Angeles,Rams,,1964,1972,Los Angeles,CA,#003594,#FFFFFF,,,
LAR,LAR,National Football League,,,Los Angeles,Rams,,1973,1994,Los Angeles,CA,#003594,#FFD100,#FFFFFF,,
LAR,LAR,National Football League,,,St. Louis,Rams,,1995,1999,St. Louis,MO,#003594,#FFD100,#FFFFFF,,
LAR,LAR,National Football League,,,St. Louis,Rams,,2000,2015,St. Louis,MO,#002244,#B3995D,#FFFFFF,,
LAR,LAR,National Football League,,,Los Angeles,Rams,,2016,2019,Los Angeles,CA,#002244,#B3995D,#FFFFFF,,
LAR,LAR,National Football League,,,Los Angeles,Rams,,2020,2026,Los Angeles,CA,#003594,#FFD100,#FFFFFF,,
STG,STG,National Football League,,,Phil-Pitt,Steagles,Eagles-Steelers wartime merger,1943,1943,Philadelphia,PA,#046A38,#FFFFFF,,,
BYK,BYK,National Football League,,,Boston,Yanks,"played 1945 as ""The Yanks"" merged with Brooklyn",1944,1948,Boston,MA,,,,,
CRP,CRP,National Football League,,,Card-Pitt,Combine,Cardinals-Steelers wartime merger,1944,1944,Chicago,IL,#97233F,#FFFFFF,,,
BBA,BBA,All-America Football Conference,,,Buffalo,Bisons,,1946,1946,Buffalo,NY,,,,,
BBA,BBA,All-America Football Conference,,,Buffalo,Bills,,1947,1949,Buffalo,NY,,,,,
BDA,BDA,All-America Football Conference,,,Brooklyn,Dodgers,,1946,1948,Brooklyn,NY,,,,,
CLE,CLE,All-America Football Conference,,,Cleveland,Browns,,1946,1949,Cleveland,OH,#342624,#EC5614,#FFFFFF,,
CLE,CLE,National Football League,,,Cleveland,Browns,,1950,1995,Cleveland,OH,#342624,#EC5614,#FFFFFF,,
CLE,CLE,National Football League,,,Cleveland,Browns,franchise deactivated 1996-1998,1999,2014,Cleveland,OH,#342624,#EC5614,#FFFFFF,,
CLE,CLE,National Football League,,,Cleveland,Browns,franchise deactivated 1996-1998,2015,2026,Cleveland,OH,#311D00,#FF3C00,#FFFFFF,,
CRA,CRA,All-America Football Conference,,,Chicago,Rockets,,1946,1948,Chicago,IL,,,,,
CRA,CRA,All-America Football Conference,,,Chicago,Hornets,,1949,1949,Chicago,IL,,,,,
LDA,LDA,All-America Football Conference,,,Los Angeles,Dons,,1946,1949,Los Angeles,CA,,,,,
MSA,MSA,All-America Football Conference,,,Miami,Seahawks,,1946,1946,Miami,FL,,,,,
NAA,NAA,All-America Football Conference,,,New York,Yankees,,1946,1949,New York,NY,,,,,
SF,SF,All-America Football Conference,,,San Francisco,49ers,,1946,1949,San Francisco,CA,#AA0000,#B3995D,#FFFFFF,,
SF,SF,National Football League,,,San Francisco,49ers,,1950,1995,Santa Clara,CA,#AA0000,#B3995D,#FFFFFF,,
SF,SF,National Football League,,,San Francisco,49ers,,1996,2008,Santa Clara,CA,#AA0000,#B3995D,#000000,,
SF,SF,National Football League,,,San Francisco,49ers,,2009,2026,Santa Clara,CA,#AA0000,#B3995D,#FFFFFF,,
BCL,BCL,All-America Football Conference,,,Baltimore,Colts,,1947,1949,Baltimore,MD,#046A38,#A5ACAF,,,
BCL,BCL,National Football League,,,Baltimore,Colts,,1950,1950,Baltimore,MD,#046A38,#A5ACAF,,,
NYY,NYY,National Football League,,,New York,Bulldogs,,1949,1949,New York,NY,,,,,
NYY,NYY,National Football League,,,New York,Yanks,,1950,1951,New York,NY,,,,,
DTX,DTX,National Football League,,,Dallas,Texans,,1952,1952,Dallas,TX,,,,,
IND,IND,National Football League,,,Baltimore,Colts,,1953,1983,Baltimore,MD,#002C5F,#FFFFFF,,,
IND,IND,National Football League,,,Indianapolis,Colts,,1984,2026,Indianapolis,IN,#002C5F,#FFFFFF,,,
BUF,BUF,American Football League,,,Buffalo,Bills,,1960,1961,Buffalo,NY,#0033A0,#A5ACAF,#FFFFFF,,
BUF,BUF,American Football League,,,Buffalo,Bills,,1962,1969,Buffalo,NY,#00338D,#C60C30,#FFFFFF,,
BUF,BUF,National Football League,,,Buffalo,Bills,,1970,2001,Orchard Park,NY,#00338D,#C60C30,#FFFFFF,,
BUF,BUF,National Football League,,,Buffalo,Bills,,2002,2010,Orchard Park,NY,#13294B,#C60C30,#FFFFFF,,
BUF,BUF,National Football League,,,Buffalo,Bills,,2011,2026,Orchard Park,NY,#00338D,#C60C30,#FFFFFF,,
DAL,DAL,National Football League,,,Dallas,Cowboys,,1960,1963,Arlington,TX,#0033A0,#FFFFFF,,,
DAL,DAL,National Football League,,,Dallas,Cowboys,,1964,2026,Arlington,TX,#041E42,#869397,#FFFFFF,#003594,
DEN,DEN,American Football League,,,Denver,Broncos,,1960,1961,Denver,CO,#4E3629,#FFB612,#FFFFFF,,
DEN,DEN,American Football League,,,Denver,Broncos,,1962,1969,Denver,CO,#FB4F14,#0033A0,#FFFFFF,,
DEN,DEN,National Football League,,,Denver,Broncos,,1970,1996,Denver,CO,#FB4F14,#0033A0,#FFFFFF,,
DEN,DEN,National Football League,,,Denver,Broncos,,1997,2026,Denver,CO,#002244,#FB4F14,#FFFFFF,,
KC,KC,American Football League,,,Dallas,Texans,,1960,1962,Dallas,TX,#E31837,#FFB81C,#FFFFFF,,
KC,KC,American Football League,,,Kansas City,Chiefs,,1963,1969,Kansas City,MO,#E31837,#FFB81C,#FFFFFF,,
KC,KC,National Football League,,,Kansas City,Chiefs,,1970,2026,Kansas City,MO,#E31837,#FFB81C,#FFFFFF,,
LAC,LAC,American Football League,,,Los Angeles,Chargers,,1960,1960,Los Angeles,CA,#0080C6,#FFC20E,#FFFFFF,,
LAC,LAC,American Football League,,,San Diego,Chargers,,1961,1969,San Diego,CA,#0080C6,#FFC20E,#FFFFFF,,
LAC,LAC,National Football League,,,San Diego,Chargers,,1970,1973,San Diego,CA,#0080C6,#FFC20E,#FFFFFF,,
LAC,LAC,National Football League,,,San Diego,Chargers,,1974,1987,San Diego,CA,#0033A0,#FFC20E,#FFFFFF,,
LAC,LAC,National Football League,,,San Diego,Chargers,,1988,2016,San Diego,CA,#002A5E,#FFC20E,#FFFFFF,,
LAC,LAC,National Football League,,,Los Angeles,Chargers,,2017,2019,Los Angeles,CA,#002A5E,#FFC20E,#FFFFFF,,
LAC,LAC,National Football League,,,Los Angeles,Chargers,,2020,2026,Los Angeles,CA,#0080C6,#FFC20E,#FFFFFF,#002A5E,
NE,NE,American Football League,,,Boston,Patriots,,1960,1969,Boston,MA,#C60C30,#FFFFFF,#002244,,
NE,NE,National Football League,,,Boston,Patriots,,1970,1970,Boston,MA,#C60C30,#FFFFFF,#002244,,
NE,NE,National Football League,,,New England,Patriots,,1971,1992,Foxborough,MA,#C60C30,#FFFFFF,#002244,,
NE,NE,National Football League,,,New England,Patriots,,1993,1999,Foxborough,MA,#0033A0,#B0B7BC,#C60C30,#FFFFFF,
NE,NE,National Football League,,,New England,Patriots,,2000,2026,Foxborough,MA,#002244,#B0B7BC,#C60C30,#FFFFFF,
NYJ,NYJ,American Football League,,,New York,Titans,,1960,1962,New York,NY,#002244,#FFB612,,,
NYJ,NYJ,American Football League,,,New York,Jets,,1963,1969,New York,NY,#046A38,#FFFFFF,,,
NYJ,NYJ,National Football League,,,New York,Jets,,1970,1997,East Rutherford,NJ,#046A38,#FFFFFF,,,
NYJ,NYJ,National Football League,,,New York,Jets,,1998,2018,East Rutherford,NJ,#003F2D,#FFFFFF,,,
NYJ,NYJ,National Football League,,,New York,Jets,,2019,2023,East Rutherford,NJ,#125740,#FFFFFF,#000000,,
NYJ,NYJ,National Football League,,,New York,Jets,,2024,2026,East Rutherford,NJ,#046A38,#FFFFFF,#000000,,
OAK,OAK,American Football League,,,Oakland,Raiders,,1960,1962,Oakland,CA,#000000,#FFB612,,,
OAK,OAK,American Football League,,,Oakland,Raiders,,1963,1969,Oakland,CA,#A5ACAF,#000000,,,
OAK,OAK,National Football League,,,Oakland,Raiders,,1970,1981,Oakland,CA,#A5ACAF,#000000,,,
OAK,OAK,National Football League,,,Los Angeles,Raiders,,1982,1994,Los Angeles,CA,#A5ACAF,#000000,,,
OAK,OAK,National Football League,,,Oakland,Raiders,,1995,2019,Oakland,CA,#A5ACAF,#000000,,,
OAK,OAK,National Football League,,,Las Vegas,Raiders,,2020,2026,Las Vegas,NV,#A5ACAF,#000000,,,
TEN,TEN,American Football League,,,Houston,Oilers,,1960,1969,Houston,TX,#418FDE,#C8102E,#FFFFFF,,
TEN,TEN,National Football League,,,Houston,Oilers,,1970,1996,Houston,TX,#418FDE,#C8102E,#FFFFFF,,
TEN,TEN,National Football League,,,Tennessee,Oilers,,1997,1997,Memphis,TN,#418FDE,#C8102E,#FFFFFF,,
TEN,TEN,National Football League,,,Tennessee,Oilers,,1998,1998,Nashville,TN,#418FDE,#C8102E,#FFFFFF,,
TEN,TEN,National Football League,,,Tennessee,Titans,,1999,2017,Nashville,TN,#002244,#4B92DB,#C8102E,#8A8D8F,#FFFFFF
TEN,TEN,National Football League,,,Tennessee,Titans,,2018,2026,Nashville,TN,#0C2340,#4B92DB,#C8102E,#8A8D8F,#FFFFFF
MIN,MIN,National Football League,,,Minnesota,Vikings,,1961,2012,Minneapolis,MN,#582C83,#FFC62F,#FFFFFF,,
MIN,MIN,National Football League,,,Minnesota,Vikings,,2013,2026,Minneapolis,MN,#4F2683,#FFC62F,#FFFFFF,,
ATL,ATL,National Football League,,,Atlanta,Falcons,,1966,2026,Atlanta,GA,#A71930,#000000,#FFFFFF,#A5ACAF,
MIA,MIA,American Football League,,,Miami,Dolphins,,1966,1969,Miami,FL,#008E97,#F58220,#FFFFFF,,
MIA,MIA,National Football League,,,Miami,Dolphins,,1970,1996,Miami Gardens,FL,#008E97,#F58220,#FFFFFF,,
MIA,MIA,National Football League,,,Miami,Dolphins,,1997,2012,Miami Gardens,FL,#005F61,#FA4616,#FFFFFF,#041E42,
MIA,MIA,National Football League,,,Miami,Dolphins,,2013,2026,Miami Gardens,FL,#008E97,#FC4C02,#FFFFFF,#005778,
NO,NO,National Football League,,,New Orleans,Saints,,1967,2026,New Orleans,LA,#101820,#D3BC8D,#FFFFFF,,
CIN,CIN,American Football League,,,Cincinnati,Bengals,,1968,1969,Cincinnati,OH,#FB4F14,#000000,#FFFFFF,,
CIN,CIN,National Football League,,,Cincinnati,Bengals,,1970,2026,Cincinnati,OH,#FB4F14,#000000,#FFFFFF,,
SEA,SEA,National Football League,,,Seattle,Seahawks,,1976,2001,Seattle,WA,#00338D,#046A38,#A5ACAF,#FFFFFF,
SEA,SEA,National Football League,,,Seattle,Seahawks,,2002,2011,Seattle,WA,#002244,#236192,#A5ACAF,#FFFFFF,
SEA,SEA,National Football League,,,Seattle,Seahawks,,2012,2026,Seattle,WA,#002244,#69BE28,#A5ACAF,#FFFFFF,
TB,TB,National Football League,,,Tampa Bay,Buccaneers,,1976,1996,Tampa,FL,#FF7900,#D50A0A,#FFFFFF,,
TB,TB,National Football League,,,Tampa Bay,Buccaneers,,1997,2026,Tampa,FL,#D50A0A,#34302B,#000000,#FF7900,#B1BABF
CAR,CAR,National Football League,,,Carolina,Panthers,,1995,2026,Charlotte,NC,#101820,#0085CA,#BFC0BF,#FFFFFF,
JAX,JAX,National Football League,,,Jacksonville,Jaguars,,1995,2026,Jacksonville,FL,#006778,#101820,#D7A22A,#FFFFFF,
BAL,BAL,National Football League,,,Baltimore,Ravens,,1996,2026,Baltimore,MD,#241773,#000000,#9E7C0C,#C60C30,
HOU,HOU,National Football League,,,Houston,Texans,,2002,2026,Houston,TX,#03202F,#A71930,#FFFFFF,,
WSH,WAS,National Football League,,,Washington,Commanders,nflverse code for this franchise,2020,2026,Washington,DC,#5A1414,#FFB612,#FFFFFF,#000000,
LAR,LA,National Football League,,,Los Angeles,Rams,nflverse code for this franchise,2016,2026,Los Angeles,CA,#003594,#FFD100,#FFFFFF,,
OAK,LV,National Football League,,,Las Vegas,Raiders,nflverse code for this franchise,2020,2026,Las Vegas,NV,#A5ACAF,#000000,,,
LAC,SD,National Football League,,,San Diego,Chargers,nflverse code for this franchise,1961,2016,San Diego,CA,#002A5E,#FFC20E,#FFFFFF,,
LAR,STL,National Football League,,,St. Louis,Rams,nflverse code for this franchise,1995,2015,St. Louis,MO,#003594,#FFD100,#FFFFFF,,
